{
    "(0,14,0)": [
        1399.4064344392832,
        0.0,
        0.0,
        0.0
    ],
    "(0,13,1)": [
        1377.9494450418883,
        -825.4429926756251,
        0.0,
        0.0
    ],
    "(0,14,2)": [
        -816.7219629232912,
        -816.7219629232912,
        -816.7219629232912,
        -816.7219629232912
    ],
    "(0,12,2)": [
        0.0,
        1356.1719805468688,
        0.0,
        0.0
    ],
    "(0,13,3)": [
        0.0,
        0.0,
        0.0,
        1334.278279493995
    ],
    "(1,13,4)": [
        0.0,
        1311.9672197414616,
        0.0,
        0.0
    ],
    "(1,14,5)": [
        0.0,
        0.0,
        -742.1109805853688,
        1290.1152069715472
    ],
    "(2,14,6)": [
        1267.8982777021056,
        0.0,
        0.0,
        0.0
    ],
    "(2,13,7)": [
        0.0,
        0.0,
        0.0,
        1245.3260221783385
    ],
    "(3,13,8)": [
        0.0,
        0.0,
        1222.3659179257588,
        0.0
    ],
    "(2,13,9)": [
        0.0,
        0.0,
        1199.3337395759681,
        0.0
    ],
    "(1,13,10)": [
        0.0,
        0.0,
        0.0,
        1175.6596036626465
    ],
    "(2,13,11)": [
        0.0,
        1152.1556443607033,
        0.0,
        0.0
    ],
    "(2,14,12)": [
        1128.5451841557983,
        0.0,
        0.0,
        0.0
    ],
    "(2,13,13)": [
        0.0,
        0.0,
        0.0,
        1104.5653216265132
    ],
    "(3,13,14)": [
        0.0,
        1080.1833921158345,
        0.0,
        0.0
    ],
    "(3,14,15)": [
        1055.7005366064163,
        0.0,
        0.0,
        0.0
    ],
    "(3,13,16)": [
        0.0,
        0.0,
        0.0,
        1030.8250234086659
    ],
    "(4,13,17)": [
        0.0,
        0.0,
        0.0,
        1005.5367647491912
    ],
    "(5,13,18)": [
        0.0,
        0.0,
        0.0,
        979.8316626967835
    ],
    "(6,13,19)": [
        0.0,
        0.0,
        0.0,
        953.7079455051148
    ],
    "(7,13,20)": [
        0.0,
        0.0,
        0.0,
        927.1669910616295
    ],
    "(8,13,21)": [
        0.0,
        0.0,
        0.0,
        900.214246893305
    ],
    "(9,13,22)": [
        0.0,
        0.0,
        873.4750947455584,
        0.0
    ],
    "(8,13,23)": [
        0.0,
        0.0,
        0.0,
        845.9800081902029
    ],
    "(9,13,24)": [
        0.0,
        818.6930354494955,
        0.0,
        0.0
    ],
    "(9,14,25)": [
        0.0,
        0.0,
        0.0,
        791.357683638948
    ],
    "(10,14,26)": [
        0.0,
        0.0,
        763.7877039044561,
        0.0
    ],
    "(9,14,27)": [
        0.0,
        0.0,
        735.8977527853729,
        0.0
    ],
    "(8,14,28)": [
        0.0,
        0.0,
        0.0,
        707.2529654057835
    ],
    "(9,14,29)": [
        678.7919563220671,
        0.0,
        0.0,
        0.0
    ],
    "(9,13,30)": [
        0.0,
        0.0,
        649.8162153806716,
        0.0
    ],
    "(8,13,31)": [
        0.0,
        0.0,
        620.0619482256707,
        0.0
    ],
    "(7,13,32)": [
        0.0,
        0.0,
        590.1508321935041,
        0.0
    ],
    "(6,13,33)": [
        0.0,
        0.0,
        0.0,
        560.0909449967519
    ],
    "(7,13,34)": [
        0.0,
        529.5740612552022,
        0.0,
        0.0
    ],
    "(7,14,35)": [
        498.9679696890969,
        0.0,
        0.0,
        0.0
    ],
    "(7,13,36)": [
        0.0,
        0.0,
        0.0,
        467.83368215656094
    ],
    "(8,13,37)": [
        0.0,
        436.241207595256,
        0.0,
        0.0
    ],
    "(8,14,38)": [
        404.56958642586767,
        0.0,
        0.0,
        0.0
    ],
    "(8,13,39)": [
        0.0,
        0.0,
        372.33808059455566,
        0.0
    ],
    "(7,13,40)": [
        339.92470327318597,
        0.0,
        0.0,
        0.0
    ],
    "(7,12,41)": [
        0.0,
        0.0,
        306.9554227238975,
        0.0
    ],
    "(6,12,42)": [
        0.0,
        0.0,
        273.83098453644516,
        0.0
    ],
    "(5,12,43)": [
        0.0,
        0.0,
        240.5533785269197,
        0.0
    ],
    "(4,12,44)": [
        0.0,
        0.0,
        207.12117156317612,
        -0.3512342572456648
    ],
    "(5,12,45)": [
        -37.791860815750354,
        -37.545030931068254,
        -38.12010420021407,
        -39.80032136749215
    ],
    "(5,11,46)": [
        -81.41955945282572,
        -103.65280884700087,
        -80.51767472750117,
        -82.85048065315125
    ],
    "(6,11,47)": [
        -149.61180258457884,
        -171.47959746035121,
        -154.08143074273278,
        -154.29683171326315
    ],
    "(5,11,48)": [
        -259.45986220848204,
        -260.01327006111904,
        -250.9844274952145,
        -251.6224445377327
    ],
    "(5,10,49)": [
        -322.91446717382826,
        -317.72153335323605,
        -318.9642722683966,
        -321.3555605523894
    ],
    "(5,9,50)": [
        976.4297607266258,
        976.4297607266258,
        976.4297607266258,
        976.4297607266258
    ],
    "(4,10,50)": [
        965.3233687430334,
        965.3233687430334,
        965.3233687430334,
        965.3233687430334
    ],
    "(5,11,50)": [
        998.2395716900035,
        998.2395716900035,
        998.2395716900035,
        998.2395716900035
    ],
    "(6,10,50)": [
        962.5002023393247,
        962.5002023393247,
        962.5002023393247,
        962.5002023393247
    ],
    "(6,11,49)": [
        -316.25467863885945,
        -317.72153335323605,
        -317.72153335323605,
        -321.3555605523894
    ],
    "(6,12,50)": [
        992.2787588357461,
        992.2787588357461,
        992.2787588357461,
        992.2787588357461
    ],
    "(7,11,50)": [
        983.050843569119,
        983.050843569119,
        983.050843569119,
        983.050843569119
    ],
    "(5,12,49)": [
        -317.72153335323605,
        -317.03443398848447,
        -318.28260105143124,
        -317.72153335323605
    ],
    "(4,12,50)": [
        986.7696270985596,
        986.7696270985596,
        986.7696270985596,
        986.7696270985596
    ],
    "(5,13,50)": [
        998.0912929355511,
        998.0912929355511,
        998.0912929355511,
        998.0912929355511
    ],
    "(4,11,49)": [
        -318.9642722683966,
        -317.03443398848447,
        -320.276534111283,
        -317.72153335323605
    ],
    "(3,11,50)": [
        953.2636897355053,
        953.2636897355053,
        953.2636897355053,
        953.2636897355053
    ],
    "(6,12,48)": [
        -261.80996730535725,
        -258.25145908291233,
        -257.34659336960203,
        -254.57950586536123
    ],
    "(6,13,49)": [
        -317.72153335323605,
        -316.68419885905837,
        -317.03443398848447,
        -317.27746888711806
    ],
    "(6,14,50)": [
        995.128857710655,
        995.128857710655,
        995.128857710655,
        995.128857710655
    ],
    "(7,13,50)": [
        990.3252601717857,
        990.3252601717857,
        990.3252601717857,
        990.3252601717857
    ],
    "(7,12,49)": [
        -316.25467863885945,
        -317.27746888711806,
        -312.6783344111212,
        -315.6772005467073
    ],
    "(8,12,50)": [
        988.4596245750367,
        988.4596245750367,
        988.4596245750367,
        988.4596245750367
    ],
    "(6,10,48)": [
        -215.02599451423328,
        -230.91716772357933,
        -239.78308460302534,
        -230.50417744220326
    ],
    "(7,10,49)": [
        -310.0835471916737,
        -306.05291481179944,
        -306.05291481179944,
        -310.0835471916737
    ],
    "(7,9,50)": [
        965.4850835287434,
        965.4850835287434,
        965.4850835287434,
        965.4850835287434
    ],
    "(8,10,50)": [
        959.8143164357364,
        959.8143164357364,
        959.8143164357364,
        959.8143164357364
    ],