{
  "algorithm": "Q-Learning",
  "episodes": [
    1,
    2,
    3,
    4,
    5,
    6,
    7,
    8,
    9,
    10,
    11,
    12,
    13,
    14,
    15,
    16,
    17,
    18
  ],
  "rewards": [
    2146.55962926718,
    2146.55962926718,
    2146.55962926718,
    2146.55962926718,
    2146.55962926718,
    2146.55962926718,
    2146.55962926718,
    2146.55962926718,
    2146.55962926718,
    2146.55962926718,
    2146.55962926718,
    2146.55962926718,
    2146.55962926718,
    2146.55962926718,
    2146.55962926718,
    2146.55962926718,
    2146.55962926718,
    2146.55962926718
  ],
  "flight_times": [
    50,
    50,
    50,
    50,
    50,
    50,
    50,
    50,
    50,
    50,
    50,
    50,
    50,
    50,
    50,
    50,
    50,
    50
  ],
  "terminated": [
    true,
    true,
    true,
    true,
    true,
    true,
    true,
    true,
    true,
    true,
    true,
    true,
    true,
    true,
    true,
    true,
    true,
    true
  ],
  "num_episodes": 18,
  "avg_reward": 2146.5596292671803,
  "std_reward": 4.547473508864641e-13,
  "min_reward": 2146.55962926718,
  "max_reward": 2146.55962926718,
  "success_rate": 100.0,
  "avg_flight_time": 50.0,
  "final_episode": 856343
}