{
  "algorithm": "SARSA",
  "episodes": [
    1,
    2,
    3,
    4,
    5,
    6,
    7,
    8,
    9,
    10
  ],
  "rewards": [
    2079.305286965765,
    2079.305286965765,
    2079.305286965765,
    2079.305286965765,
    2079.305286965765,
    2079.305286965765,
    2079.305286965765,
    2079.305286965765,
    2079.305286965765,
    2079.305286965765
  ],
  "flight_times": [
    50,
    50,
    50,
    50,
    50,
    50,
    50,
    50,
    50,
    50
  ],
  "terminated": [
    true,
    true,
    true,
    true,
    true,
    true,
    true,
    true,
    true,
    true
  ],
  "num_episodes": 10,
  "avg_reward": 2079.305286965765,
  "std_reward": 0.0,
  "min_reward": 2079.305286965765,
  "max_reward": 2079.305286965765,
  "success_rate": 100.0,
  "avg_flight_time": 50.0,
  "final_episode": 1179918
}