{
    "(0,14,0)": [
        0.0,
        0.0,
        0.0,
        350.60800056367236
    ],
    "(1,14,1)": [
        0.0,
        0.0,
        -990.5315912107501,
        350.94981747115855
    ],
    "(0,14,2)": [
        0.0,
        0.0,
        0.0,
        -979.27156580271
    ],
    "(2,14,2)": [
        0.0,
        0.0,
        0.0,
        351.17100602743983
    ],
    "(3,14,3)": [
        0.0,
        0.0,
        0.0,
        351.2568279466196
    ],
    "(4,14,4)": [
        0.0,
        0.0,
        351.1922939053139,
        0.0
    ],
    "(3,14,5)": [
        351.2804811442574,
        0.0,
        0.0,
        0.0
    ],
    "(3,13,6)": [
        0.0,
        351.2185752360226,
        0.0,
        0.0
    ],
    "(3,14,7)": [
        0.0,
        0.0,
        0.0,
        351.30968262282266
    ],
    "(4,14,8)": [
        0.0,
        0.0,
        351.25102132331733,
        0.0
    ],
    "(3,14,9)": [
        0.0,
        0.0,
        0.0,
        351.34573383092794
    ],
    "(4,14,10)": [
        0.0,
        0.0,
        351.29107822121205,
        0.0
    ],
    "(3,14,11)": [
        0.0,
        0.0,
        351.3902414952554,
        0.0
    ],
    "(2,14,12)": [
        0.0,
        0.0,
        351.660366054214,
        0.0
    ],
    "(1,14,13)": [
        0.0,
        0.0,
        0.0,
        352.11911246064926
    ],
    "(2,14,14)": [
        0.0,
        0.0,
        0.0,
        352.47022268242944
    ],
    "(3,14,15)": [
        0.0,
        0.0,
        352.70040200771916,
        0.0
    ],
    "(2,14,16)": [
        0.0,
        0.0,
        353.11609995695164,
        0.0
    ],
    "(1,14,17)": [
        353.73659457480215,
        0.0,
        0.0,
        0.0
    ],
    "(1,13,18)": [
        0.0,
        353.6731806942824,
        0.0,
        0.0
    ],
    "(1,14,19)": [
        0.0,
        0.0,
        0.0,
        354.35557317183634
    ],
    "(2,14,20)": [
        0.0,
        0.0,
        0.0,
        354.9551790281929
    ],
    "(3,14,21)": [
        0.0,
        0.0,
        0.0,
        355.461464614123
    ],
    "(4,14,22)": [
        355.8641124247621,
        0.0,
        0.0,
        0.0
    ],
    "(4,13,23)": [
        0.0,
        356.13387346421723,
        0.0,
        0.0
    ],
    "(4,14,24)": [
        356.61123336931126,
        0.0,
        0.0,
        0.0
    ],
    "(4,13,25)": [
        356.9640078470497,
        0.0,
        0.0,
        0.0
    ],
    "(4,12,26)": [
        0.0,
        0.0,
        357.17843240852704,
        0.0
    ],
    "(3,12,27)": [
        357.613880724056,
        0.0,
        0.0,
        0.0
    ],
    "(3,11,28)": [
        0.0,
        0.0,
        0.0,
        357.1808194932738
    ],
    "(4,11,29)": [
        0.0,
        0.0,
        356.3957182462909,
        0.0
    ],
    "(3,11,30)": [
        0.0,
        355.8273056290904,
        0.0,
        0.0
    ],
    "(3,12,31)": [
        0.0,
        0.0,
        0.0,
        356.1126287469042
    ],
    "(4,12,32)": [
        0.0,
        0.0,
        356.2324556305876,
        0.0
    ],
    "(3,12,33)": [
        0.0,
        0.0,
        356.5627954152344,
        0.0
    ],
    "(2,12,34)": [
        0.0,
        0.0,
        356.4362719310738,
        0.0
    ],
    "(1,12,35)": [
        0.0,
        0.0,
        0.0,
        356.5415731280668
    ],
    "(2,12,36)": [
        356.4126916119987,
        0.0,
        0.0,
        0.0
    ],
    "(2,11,37)": [
        0.0,
        0.0,
        0.0,
        356.13078695113177
    ],
    "(3,11,38)": [
        355.532937523358,
        0.0,
        0.0,
        0.0
    ],
    "(3,10,39)": [
        0.0,
        354.7238913878871,
        0.0,
        0.0
    ],
    "(3,11,40)": [
        0.0,
        0.0,
        353.9697202308639,
        0.0
    ],
    "(2,11,41)": [
        0.0,
        0.0,
        353.4163743054264,
        0.0
    ],
    "(1,11,42)": [
        0.0,
        353.0678997711916,
        0.0,
        0.0
    ],
    "(1,12,43)": [
        352.7989373948643,
        0.0,
        0.0,
        0.0
    ],
    "(1,11,44)": [
        352.3818587594559,
        0.0,
        0.0,
        0.0
    ],
    "(1,10,45)": [
        0.0,
        351.79741660726756,
        0.0,
        0.0
    ],
    "(1,11,46)": [
        0.0,
        351.26905788434846,
        0.0,
        0.0
    ],
    "(1,12,47)": [
        0.0,
        350.8002241872608,
        0.0,
        0.0
    ],
    "(1,13,48)": [
        0.0,
        350.4105469303476,
        0.0,
        0.0
    ],
    "(1,14,49)": [
        0.0,
        0.0,
        350.73042454524216,
        0.0
    ],
    "(0,14,50)": [
        0.0,
        0.0,
        0.0,
        350.6724342381828
    ],
    "round": 42837,
    "epsilon": 0.8805489088796519
}